date,price
5/26/2026,1883.29
5/25/2026,1886.03
5/22/2026,1877.13
5/21/2026,1896.89
5/20/2026,1913.23
5/19/2026,1912.93
5/18/2026,1927.94
5/15/2026,1921.60
5/14/2026,1925.46
5/13/2026,1898.37
5/12/2026,1901.10
5/11/2026,1895.50
5/8/2026,1915.37
5/7/2026,1909.01
5/6/2026,1891.20
5/5/2026,1874.85
5/4/2026,1854.06
4/29/2026,1854.10
4/28/2026,1875.84
4/24/2026,1853.29
4/23/2026,1870.36
4/22/2026,1857.30
4/21/2026,1833.48
4/20/2026,1837.11
4/17/2026,1817.17
4/16/2026,1819.83
4/15/2026,1800.65
4/14/2026,1775.65
4/13/2026,1758.96
4/10/2026,1750.00
4/9/2026,1736.68
4/8/2026,1756.55
4/7/2026,1677.54
4/6/2026,1674.99
4/3/2026,1684.04
4/2/2026,1694.82
4/1/2026,1702.93
3/31/2026,1674.49
3/30/2026,1662.54
3/27/2026,1672.80
3/26/2026,1644.63
3/25/2026,1658.19
3/24/2026,1614.77
3/23/2026,1591.17
3/20/2026,1647.81
3/19/2026,1699.13
3/18/2026,1713.83
3/17/2026,1710.29
3/16/2026,1693.21
3/13/2026,1696.24
3/12/2026,1709.61
3/11/2026,1728.34
3/10/2026,1676.73
3/9/2026,1652.79
3/6/2026,1767.84
3/5/2026,1808.51
3/4/2026,1818.27
3/3/2026,1813.14
3/2/2026,1846.10
2/27/2026,1880.33
2/26/2026,1879.64
2/25/2026,1860.91
2/24/2026,1867.62
2/23/2026,1860.14
2/13/2026,1824.09
2/12/2026,1814.09
2/11/2026,1796.85
2/10/2026,1754.03
2/9/2026,1754.82
2/6/2026,1755.49
2/5/2026,1782.56
2/4/2026,1791.43
2/3/2026,1813.40
2/2/2026,1806.50
1/30/2026,1829.04
1/29/2026,1814.98
1/28/2026,1802.91
1/27/2026,1830.50
1/26/2026,1843.72
1/23/2026,1870.79
1/22/2026,1882.73
1/21/2026,1885.44
1/20/2026,1893.78
1/19/2026,1896.59
1/16/2026,1879.13
1/15/2026,1864.80
1/14/2026,1894.44
1/13/2026,1902.93
1/12/2026,1877.33
1/9/2026,1867.90
1/8/2026,1855.56
1/7/2026,1861.58
1/6/2026,1816.27
1/5/2026,1788.40
12/31/2025,1784.49
12/30/2025,1766.90
12/29/2025,1754.84
12/26/2025,1729.80
12/25/2025,1742.85
12/24/2025,1782.82
12/23/2025,1772.15
12/22/2025,1751.03
12/19/2025,1704.31
12/18/2025,1676.98
12/17/2025,1673.66
12/16/2025,1679.18
12/15/2025,1646.01
12/12/2025,1646.89
12/11/2025,1698.90
12/10/2025,1718.98
12/9/2025,1747.17
12/8/2025,1753.74
12/5/2025,1741.32
12/4/2025,1737.24
12/3/2025,1731.77
12/2/2025,1717.06
12/1/2025,1701.67
11/28/2025,1690.99
11/27/2025,1684.32
11/26/2025,1680.36
11/25/2025,1660.36
11/24/2025,1667.98
11/21/2025,1654.93
11/20/2025,1655.99
11/19/2025,1649.00
11/18/2025,1659.92
11/17/2025,1654.42
11/14/2025,1635.46
11/13/2025,1631.44
11/12/2025,1631.86
11/11/2025,1593.61
11/10/2025,1580.54
11/7/2025,1599.10
11/6/2025,1642.64
11/5/2025,1654.89
11/4/2025,1651.98
11/3/2025,1617.00
10/31/2025,1639.65
10/30/2025,1669.57
10/29/2025,1685.83
10/28/2025,1680.50
10/27/2025,1652.54
10/24/2025,1683.18
10/23/2025,1687.06
10/22/2025,1678.50
10/21/2025,1663.43
10/20/2025,1636.43
10/17/2025,1731.19
10/16/2025,1766.85
10/15/2025,1757.95
10/14/2025,1761.06
10/13/2025,1765.12
10/10/2025,1747.55
10/9/2025,1716.47
10/8/2025,1697.83
10/7/2025,1685.30
10/6/2025,1695.50
10/3/2025,1645.82
10/2/2025,1652.71
10/1/2025,1665.05
9/30/2025,1661.70
9/29/2025,1666.48
9/26/2025,1660.70
9/25/2025,1666.09
9/24/2025,1657.46
9/23/2025,1635.26
9/22/2025,1634.45
9/19/2025,1658.62
9/18/2025,1665.18
9/17/2025,1670.97
9/16/2025,1680.90
9/15/2025,1684.90
9/12/2025,1667.26
9/11/2025,1657.75
9/10/2025,1643.26
9/9/2025,1637.32
9/8/2025,1624.53
9/5/2025,1666.97
9/4/2025,1696.29
9/3/2025,1681.30
8/29/2025,1682.21
8/28/2025,1680.86
8/27/2025,1672.78
8/26/2025,1667.63
8/25/2025,1614.03
8/22/2025,1645.47
8/21/2025,1688.00
8/20/2025,1664.36
8/19/2025,1654.20
8/18/2025,1636.37
8/15/2025,1630.00
8/14/2025,1640.69
8/13/2025,1611.60
8/12/2025,1608.22
8/11/2025,1596.86
8/8/2025,1584.95
8/7/2025,1581.81
8/6/2025,1573.71
8/5/2025,1547.15
8/4/2025,1528.19
8/1/2025,1495.21
7/31/2025,1502.52
7/30/2025,1507.63
7/29/2025,1493.41
7/28/2025,1557.42
7/25/2025,1531.13
7/24/2025,1521.02
7/23/2025,1512.31
7/22/2025,1509.54
7/21/2025,1485.05
7/18/2025,1497.28
7/17/2025,1490.01
7/16/2025,1475.47
7/15/2025,1460.65
7/14/2025,1470.42
7/11/2025,1457.76
7/10/2025,1445.64
7/9/2025,1431.32
7/8/2025,1415.46
7/7/2025,1402.06
7/4/2025,1386.97
7/3/2025,1381.96
7/2/2025,1384.59
7/1/2025,1377.84
6/30/2025,1376.07
6/27/2025,1371.44
6/26/2025,1365.67
6/25/2025,1366.75
6/24/2025,1366.77
6/23/2025,1358.18
6/20/2025,1349.35
6/19/2025,1352.04
6/18/2025,1346.83
6/17/2025,1347.69
6/16/2025,1338.11
6/13/2025,1315.49
6/12/2025,1322.99
6/11/2025,1315.20
6/10/2025,1316.23
6/9/2025,1310.57
6/6/2025,1329.89
6/5/2025,1342.09
6/4/2025,1345.74
6/3/2025,1347.25
6/2/2025,1336.30
5/30/2025,1332.60
5/29/2025,1341.86
5/28/2025,1341.87
5/27/2025,1339.81
5/26/2025,1332.51
5/23/2025,1314.46
5/22/2025,1313.84
5/21/2025,1323.05
5/20/2025,1315.15
5/19/2025,1296.29
5/16/2025,1301.39
5/15/2025,1313.20
5/14/2025,1309.73
5/13/2025,1293.43
5/12/2025,1283.26
5/9/2025,1267.30
5/8/2025,1269.80
5/7/2025,1250.37
5/6/2025,1241.95
5/5/2025,1240.05
4/29/2025,1226.30
4/28/2025,1226.80
4/25/2025,1229.23
4/24/2025,1223.35
4/23/2025,1211.00
4/22/2025,1197.13
4/21/2025,1207.07
4/18/2025,1219.12
4/17/2025,1217.25
4/16/2025,1210.30
4/15/2025,1227.79
4/14/2025,1241.44
4/11/2025,1222.46
4/10/2025,1168.34
4/9/2025,1094.30
4/8/2025,1132.79
4/4/2025,1210.67
4/3/2025,1229.84
4/2/2025,1317.83
4/1/2025,1317.33
3/31/2025,1306.86
3/28/2025,1317.46
3/27/2025,1323.81
3/26/2025,1326.09
3/25/2025,1331.92
3/24/2025,1330.32
3/21/2025,1321.88
3/20/2025,1323.93
3/19/2025,1324.63
3/18/2025,1330.97
3/17/2025,1336.26
3/14/2025,1326.15
3/13/2025,1326.27
3/12/2025,1334.41
3/11/2025,1332.54
3/10/2025,1330.28
3/7/2025,1326.05
3/6/2025,1318.22
3/5/2025,1304.71
3/4/2025,1311.91
3/3/2025,1309.37
2/28/2025,1305.36
2/27/2025,1307.80
2/26/2025,1302.96
2/25/2025,1303.16
2/24/2025,1304.56
2/21/2025,1296.75
2/20/2025,1292.98
2/19/2025,1288.56
2/18/2025,1278.14
2/17/2025,1272.72
2/14/2025,1276.08
2/13/2025,1270.35
2/12/2025,1266.91
2/11/2025,1268.45
2/10/2025,1263.26
2/7/2025,1275.20
2/6/2025,1271.48
2/5/2025,1269.61
2/4/2025,1264.68
2/3/2025,1253.03
1/24/2025,1265.05
1/23/2025,1259.63
1/22/2025,1242.53
1/21/2025,1246.09
1/20/2025,1249.55
1/17/2025,1249.11
1/16/2025,1242.36
1/15/2025,1236.18
1/14/2025,1229.07
1/13/2025,1235.65
1/10/2025,1230.48
1/9/2025,1245.77
1/8/2025,1251.02
1/7/2025,1246.95
1/6/2025,1246.35
1/3/2025,1254.59
1/2/2025,1269.71
12/31/2024,1266.78
12/30/2024,1272.02
12/27/2024,1275.14
12/26/2024,1272.87
12/25/2024,1274.04
12/24/2024,1260.36
12/23/2024,1262.76
12/20/2024,1257.50
12/19/2024,1254.67
12/18/2024,1266.00
12/17/2024,1261.72
12/16/2024,1263.79
12/13/2024,1262.57
12/12/2024,1267.35
12/11/2024,1268.86
12/10/2024,1272.07
12/9/2024,1273.84
12/6/2024,1270.14
12/5/2024,1267.53
12/4/2024,1240.41
12/3/2024,1249.83
12/2/2024,1251.21
11/29/2024,1250.46
11/28/2024,1242.11
11/27/2024,1241.97
11/26/2024,1242.13
11/25/2024,1234.70
11/22/2024,1228.10
11/21/2024,1228.33
11/20/2024,1216.54
11/19/2024,1205.15
11/18/2024,1217.12
11/15/2024,1218.57
11/14/2024,1231.89
11/13/2024,1246.04
11/12/2024,1244.82
11/11/2024,1250.32
11/8/2024,1252.56
11/7/2024,1259.75
11/6/2024,1261.28
11/5/2024,1245.76
11/4/2024,1244.71
11/1/2024,1254.89
10/31/2024,1264.48
10/30/2024,1258.63
10/29/2024,1261.78
10/28/2024,1254.77
10/25/2024,1252.72
10/24/2024,1257.41
10/23/2024,1270.90
10/22/2024,1269.89
10/21/2024,1279.77
10/18/2024,1285.46
10/17/2024,1286.52
10/16/2024,1279.48
10/15/2024,1281.08
10/14/2024,1286.34
10/11/2024,1288.39
10/10/2024,1286.36
10/9/2024,1281.85
10/8/2024,1271.98
10/7/2024,1269.93
10/4/2024,1270.60
10/3/2024,1278.10
10/2/2024,1287.84
10/1/2024,1292.20
9/30/2024,1287.94
9/27/2024,1290.92
9/26/2024,1291.49
9/25/2024,1287.48
9/24/2024,1276.99
9/23/2024,1268.48
9/20/2024,1272.04
9/19/2024,1271.27
9/18/2024,1264.90
9/17/2024,1258.95
9/16/2024,1239.26
9/13/2024,1251.71
9/12/2024,1256.35
9/11/2024,1253.27
9/10/2024,1255.23
9/9/2024,1267.73
9/6/2024,1273.96
9/5/2024,1268.21
9/4/2024,1275.80
8/30/2024,1283.87
8/29/2024,1281.47
8/28/2024,1281.44
8/27/2024,1280.56
8/26/2024,1280.02
8/23/2024,1285.32
8/22/2024,1282.78
8/21/2024,1284.05
8/20/2024,1272.55
8/19/2024,1261.62
8/16/2024,1252.23
8/15/2024,1223.56
8/14/2024,1230.36
8/13/2024,1230.42
8/12/2024,1230.28
8/9/2024,1223.64
8/8/2024,1208.32
8/7/2024,1215.88
8/6/2024,1210.28
8/5/2024,1188.07
8/2/2024,1236.60
8/1/2024,1226.96
7/31/2024,1251.51
7/30/2024,1245.06
7/29/2024,1246.60
7/26/2024,1242.11
7/25/2024,1233.19
7/24/2024,1238.47
7/23/2024,1231.81
7/22/2024,1254.64
7/19/2024,1264.78
7/18/2024,1274.44
7/17/2024,1268.66
7/16/2024,1281.18
7/15/2024,1279.82
7/12/2024,1280.75
7/11/2024,1283.80
7/10/2024,1285.94
7/9/2024,1293.71
7/8/2024,1283.56
7/5/2024,1283.04
7/4/2024,1279.89
7/3/2024,1276.85
7/2/2024,1269.79
7/1/2024,1254.56
6/28/2024,1245.32
6/27/2024,1259.09
6/26/2024,1261.24
6/25/2024,1256.56
6/24/2024,1254.12
6/21/2024,1282.02
6/20/2024,1282.30
6/19/2024,1279.79
6/18/2024,1279.50
6/17/2024,1274.77
6/14/2024,1279.91
6/13/2024,1301.51
6/12/2024,1300.19
6/11/2024,1284.41
6/10/2024,1290.67
6/7/2024,1287.58
6/6/2024,1283.56
6/5/2024,1284.35
6/4/2024,1283.52
6/3/2024,1280.00
5/31/2024,1261.72
5/30/2024,1266.32
5/29/2024,1272.64
5/28/2024,1281.73
5/27/2024,1267.68
5/24/2024,1261.93
5/23/2024,1281.03
5/22/2024,1266.91
5/21/2024,1277.14
5/20/2024,1277.58
5/17/2024,1273.11
5/16/2024,1268.78
5/15/2024,1254.39
5/14/2024,1243.28
5/13/2024,1240.18
5/10/2024,1244.70
5/9/2024,1248.64
5/8/2024,1250.46
5/7/2024,1248.63
5/6/2024,1241.58
5/3/2024,1221.03
5/2/2024,1216.36
4/26/2024,1209.52
4/25/2024,1204.97
4/24/2024,1205.61
4/23/2024,1177.40
4/22/2024,1190.22
4/19/2024,1174.85
4/17/2024,1193.01
4/16/2024,1215.68
4/15/2024,1216.61
4/12/2024,1276.60
4/11/2024,1258.20
4/10/2024,1258.56
4/9/2024,1262.82
4/8/2024,1250.35
4/5/2024,1255.11
4/4/2024,1268.25
4/3/2024,1271.47
4/2/2024,1287.04
4/1/2024,1281.52
3/29/2024,1284.09
3/28/2024,1290.18
3/27/2024,1283.09
3/26/2024,1282.21
3/25/2024,1267.86
3/22/2024,1281.80
3/21/2024,1276.42
3/20/2024,1260.08
3/19/2024,1242.46
3/18/2024,1243.56
3/15/2024,1263.78
3/14/2024,1264.26
3/13/2024,1270.51
3/12/2024,1245.00
3/11/2024,1235.49
3/8/2024,1247.35
3/7/2024,1268.46
3/6/2024,1262.73
3/5/2024,1269.98
3/4/2024,1261.41
3/1/2024,1258.28
2/29/2024,1252.73
2/28/2024,1254.55
2/27/2024,1237.46
2/26/2024,1224.17
2/23/2024,1212.00
2/22/2024,1227.31
2/21/2024,1230.04
2/20/2024,1230.06
2/19/2024,1224.97
2/16/2024,1209.70
2/15/2024,1202.50
2/7/2024,1198.53
2/6/2024,1188.48
2/5/2024,1186.06
2/2/2024,1172.55
2/1/2024,1173.02
1/31/2024,1164.31
1/30/2024,1179.65
1/29/2024,1175.69
1/26/2024,1175.67
1/25/2024,1170.37
1/24/2024,1172.97
1/23/2024,1177.50
1/22/2024,1182.86
1/19/2024,1181.50
1/18/2024,1169.06
1/17/2024,1162.53
1/16/2024,1163.12
1/15/2024,1154.12
1/12/2024,1154.70
1/11/2024,1162.22
1/10/2024,1161.54
1/9/2024,1158.59
1/8/2024,1160.19
1/5/2024,1154.68
1/4/2024,1150.72
1/3/2024,1144.17
1/2/2024,1131.72
12/29/2023,1129.93
12/28/2023,1128.93
12/27/2023,1121.99
12/26/2023,1122.25
12/25/2023,1117.66
12/22/2023,1103.06
12/21/2023,1102.43
12/20/2023,1100.76
12/19/2023,1096.30
12/18/2023,1091.88
12/15/2023,1102.30
12/14/2023,1110.13
12/13/2023,1114.20
12/12/2023,1127.63
12/11/2023,1125.50
12/8/2023,1124.44
12/7/2023,1121.49
12/6/2023,1126.43
12/5/2023,1115.97
12/4/2023,1120.49
12/1/2023,1102.16
11/30/2023,1094.13
11/29/2023,1102.80
11/28/2023,1095.43
11/27/2023,1088.06
11/24/2023,1095.61
11/23/2023,1088.49
11/22/2023,1113.82
11/21/2023,1110.46
11/20/2023,1103.66
11/17/2023,1101.19
11/16/2023,1125.53
11/15/2023,1122.50
11/14/2023,1109.73
11/13/2023,1100.07
11/10/2023,1101.68
11/9/2023,1113.89
11/8/2023,1113.43
11/7/2023,1080.29
11/6/2023,1089.66
11/3/2023,1076.78
11/2/2023,1075.47
11/1/2023,1039.66
10/31/2023,1028.19
10/30/2023,1042.40
10/27/2023,1060.62
10/26/2023,1055.45
10/25/2023,1101.66
10/24/2023,1105.90
10/23/2023,1093.53
10/20/2023,1108.03
10/19/2023,1087.85
10/18/2023,1103.40
10/17/2023,1121.65
10/16/2023,1141.42
10/13/2023,1154.73
10/12/2023,1151.61
10/11/2023,1150.81
10/10/2023,1143.69
10/9/2023,1137.36
10/6/2023,1128.54
10/5/2023,1113.89
10/4/2023,1128.67
10/3/2023,1118.10
10/2/2023,1155.25
9/29/2023,1154.15
9/28/2023,1152.43
9/27/2023,1153.85
9/26/2023,1137.96
9/25/2023,1153.20
9/22/2023,1193.05
9/21/2023,1212.74
9/20/2023,1226.11
9/19/2023,1211.50
9/18/2023,1211.81
9/15/2023,1227.36
9/14/2023,1223.81
9/13/2023,1238.39
9/12/2023,1245.44
9/11/2023,1223.63
9/8/2023,1241.48
9/7/2023,1243.14
9/6/2023,1245.50
9/5/2023,1234.98
8/31/2023,1224.05
8/30/2023,1213.16
8/29/2023,1204.43
8/28/2023,1201.72
8/25/2023,1183.37
8/24/2023,1189.39
8/23/2023,1172.56
8/22/2023,1180.49
8/21/2023,1179.76
8/18/2023,1177.99
8/17/2023,1233.48
8/16/2023,1243.26
8/15/2023,1234.05
8/14/2023,1236.84
8/11/2023,1232.21
8/10/2023,1220.61
8/9/2023,1233.99
8/8/2023,1242.23
8/7/2023,1241.42
8/4/2023,1225.98
8/3/2023,1210.95
8/2/2023,1220.43
8/1/2023,1217.56
7/31/2023,1222.90
7/28/2023,1207.67
7/27/2023,1197.33
7/26/2023,1200.84
7/25/2023,1195.90
7/24/2023,1190.72
7/21/2023,1185.90
7/20/2023,1172.81
7/19/2023,1172.98
7/18/2023,1174.09
7/17/2023,1173.13
7/14/2023,1168.40
7/13/2023,1165.42
7/12/2023,1154.20
7/11/2023,1151.77
7/10/2023,1149.02
7/7/2023,1138.07
7/6/2023,1126.22
7/5/2023,1134.62
7/4/2023,1132.00
7/3/2023,1125.50
6/30/2023,1120.18
6/29/2023,1125.39
6/28/2023,1138.35
6/27/2023,1134.33
6/26/2023,1132.03
6/23/2023,1129.38
6/22/2023,1125.30
6/21/2023,1118.46
6/20/2023,1111.72
6/19/2023,1105.40
6/16/2023,1115.22
6/15/2023,1116.97
6/14/2023,1117.42
6/13/2023,1122.46
6/12/2023,1116.02
6/9/2023,1107.53
6/8/2023,1101.32
6/7/2023,1109.54
6/6/2023,1108.31
6/5/2023,1097.82
6/2/2023,1090.84
6/1/2023,1078.39
5/31/2023,1075.17
5/30/2023,1078.05
5/29/2023,1074.98
5/26/2023,1063.76
5/25/2023,1064.63
5/24/2023,1061.79
5/23/2023,1065.85
5/22/2023,1070.64
5/19/2023,1067.07
5/18/2023,1068.31
5/17/2023,1060.44
5/16/2023,1065.91
5/15/2023,1065.71
5/12/2023,1066.90
5/11/2023,1057.12
5/10/2023,1058.26
5/9/2023,1053.77
5/8/2023,1053.44
5/5/2023,1040.31
5/4/2023,1040.61
4/28/2023,1049.12
4/27/2023,1039.63
4/26/2023,1040.80
4/25/2023,1034.85
4/24/2023,1041.36
4/21/2023,1042.91
4/20/2023,1049.25
4/19/2023,1048.98
4/18/2023,1055.02
4/17/2023,1053.81
4/14/2023,1052.89
4/13/2023,1064.30
4/12/2023,1069.45
4/11/2023,1069.46
4/10/2023,1065.35
4/7/2023,1069.71
4/6/2023,1070.91
4/5/2023,1080.86
4/4/2023,1078.45
4/3/2023,1079.28
3/31/2023,1064.64
3/30/2023,1059.44
3/29/2023,1056.33
3/28/2023,1054.29
3/27/2023,1052.25
3/24/2023,1046.79
3/23/2023,1045.10
3/22/2023,1040.54
3/21/2023,1032.43
3/20/2023,1023.10
3/17/2023,1045.14
3/16/2023,1047.40
3/15/2023,1062.19
3/14/2023,1040.13
3/13/2023,1052.80
3/10/2023,1053.00
3/9/2023,1055.95
3/8/2023,1049.18
3/7/2023,1037.84
3/6/2023,1027.18
3/3/2023,1024.77
3/2/2023,1037.61
3/1/2023,1040.55
2/28/2023,1024.68
2/27/2023,1021.25
2/24/2023,1039.56
2/23/2023,1053.66
2/22/2023,1054.28
2/21/2023,1082.23
2/20/2023,1086.69
2/17/2023,1059.31
2/16/2023,1058.29
2/15/2023,1048.20
2/14/2023,1038.64
2/13/2023,1043.70
2/10/2023,1055.30
2/9/2023,1064.03
2/8/2023,1072.22
2/7/2023,1065.84
2/6/2023,1089.29
2/3/2023,1077.15
2/2/2023,1077.59
2/1/2023,1075.97
1/31/2023,1111.18
1/30/2023,1102.57
1/27/2023,1117.10
1/19/2023,1108.08
1/18/2023,1098.28
1/17/2023,1088.29
1/16/2023,1066.68
1/13/2023,1060.17
1/12/2023,1056.39
1/11/2023,1055.76
1/10/2023,1053.35
1/9/2023,1054.21
1/6/2023,1051.44
1/5/2023,1055.82
1/4/2023,1046.35
1/3/2023,1043.90
12/30/2022,1007.09
12/29/2022,1009.29
12/28/2022,1015.66
12/27/2022,1004.57
12/26/2022,985.21
12/23/2022,1020.34
12/22/2022,1022.61
12/21/2022,1018.88
12/20/2022,1023.13
12/19/2022,1038.40
12/16/2022,1052.48
12/15/2022,1055.32
12/14/2022,1050.43
12/13/2022,1047.45
12/12/2022,1032.07
12/9/2022,1051.81
12/8/2022,1050.53
12/7/2022,1041.02
12/6/2022,1048.69
12/5/2022,1093.67
12/2/2022,1080.01
12/1/2022,1036.28
11/30/2022,1048.42
11/29/2022,1032.16
11/28/2022,1005.69
11/25/2022,971.46
11/24/2022,947.71
11/23/2022,946.00
11/22/2022,952.12
11/21/2022,960.65
11/18/2022,969.33
11/17/2022,969.26
11/16/2022,942.90
11/15/2022,911.90
11/14/2022,941.04
11/11/2022,954.53
11/10/2022,947.24
11/9/2022,985.59
11/8/2022,981.65
11/7/2022,975.19
11/4/2022,997.15
11/3/2022,1019.81
11/2/2022,1023.19
11/1/2022,1033.75
10/31/2022,1027.94
10/28/2022,1027.36
10/27/2022,1028.01
10/26/2022,993.36
10/25/2022,997.70
10/24/2022,986.15
10/21/2022,1019.82
10/20/2022,1058.45
10/19/2022,1060.07
10/18/2022,1063.66
10/17/2022,1051.58
10/14/2022,1061.85
10/13/2022,1050.99
10/12/2022,1034.81
10/11/2022,1006.20
10/10/2022,1042.48
10/7/2022,1035.91
10/6/2022,1074.52
10/5/2022,1104.26
10/4/2022,1078.14
10/3/2022,1086.44
9/30/2022,1132.11
9/29/2022,1126.07
9/28/2022,1143.62
9/27/2022,1166.54
9/26/2022,1174.35
9/23/2022,1203.28
9/22/2022,1214.70
9/21/2022,1210.55
9/20/2022,1218.93
9/19/2022,1205.43
9/16/2022,1234.03
9/15/2022,1245.66
9/14/2022,1240.77
9/13/2022,1248.40
9/12/2022,1249.62
9/9/2022,1248.78
9/8/2022,1234.60
9/7/2022,1243.17
9/6/2022,1277.40
9/5/2022,1277.35
8/31/2022,1280.51
8/30/2022,1279.39
8/29/2022,1270.80
8/26/2022,1282.57
8/25/2022,1288.88
8/24/2022,1277.16
8/23/2022,1270.81
8/22/2022,1260.43
8/19/2022,1269.18
8/18/2022,1273.66
8/17/2022,1275.28
8/16/2022,1274.69
8/15/2022,1274.20
8/12/2022,1262.33
8/11/2022,1252.07
8/10/2022,1256.50
8/9/2022,1258.85
8/8/2022,1256.75
8/5/2022,1252.74
8/4/2022,1254.15
8/3/2022,1249.76
8/2/2022,1241.62
8/1/2022,1231.35
7/29/2022,1206.33
7/28/2022,1208.12
7/27/2022,1191.04
7/26/2022,1185.07
7/25/2022,1188.50
7/22/2022,1194.76
7/21/2022,1198.47
7/20/2022,1194.14
7/19/2022,1178.33
7/18/2022,1176.49
7/15/2022,1179.25
7/14/2022,1182.17
7/13/2022,1173.92
7/12/2022,1174.82
7/11/2022,1155.29
7/8/2022,1171.31
7/7/2022,1166.48
7/6/2022,1149.61
7/5/2022,1181.29
7/4/2022,1195.53
7/1/2022,1198.90
6/30/2022,1197.60
6/29/2022,1218.09
6/28/2022,1218.10
6/27/2022,1202.82
6/24/2022,1185.48
6/23/2022,1188.88
6/22/2022,1169.27
6/21/2022,1172.47
6/20/2022,1180.40
6/17/2022,1217.30
6/16/2022,1236.63
6/15/2022,1213.93
6/14/2022,1230.31
6/13/2022,1227.04
6/10/2022,1284.08
6/9/2022,1307.80
6/8/2022,1307.91
6/7/2022,1291.35
6/6/2022,1290.01
6/3/2022,1287.98
6/2/2022,1288.62
6/1/2022,1299.52
5/31/2022,1292.68
5/30/2022,1293.92
5/27/2022,1285.45
5/26/2022,1268.57
5/25/2022,1268.43
5/24/2022,1233.38
5/23/2022,1218.81
5/20/2022,1240.71
5/19/2022,1241.64
5/18/2022,1240.76
5/17/2022,1228.37
5/16/2022,1171.95
5/13/2022,1182.77
5/12/2022,1238.84
5/11/2022,1301.53
5/10/2022,1293.56
5/9/2022,1269.62
5/6/2022,1329.26
5/5/2022,1360.68
5/4/2022,1348.68
4/29/2022,1366.80
4/28/2022,1350.99
4/27/2022,1353.77
4/26/2022,1341.34
4/25/2022,1310.92
4/22/2022,1379.23
4/21/2022,1370.21
4/20/2022,1384.72
4/19/2022,1406.45
4/18/2022,1432.60
4/15/2022,1458.56
4/14/2022,1472.12
4/13/2022,1477.20
4/12/2022,1455.25
4/8/2022,1482.00
4/7/2022,1502.35
4/6/2022,1522.90
4/5/2022,1520.03
4/4/2022,1524.70
4/1/2022,1516.44
3/31/2022,1492.15
3/30/2022,1490.51
3/29/2022,1497.76
3/28/2022,1483.18
3/25/2022,1498.50
3/24/2022,1498.26
3/23/2022,1502.34
3/22/2022,1503.78
3/21/2022,1494.95
3/18/2022,1469.10
3/17/2022,1461.34
3/16/2022,1459.33
3/15/2022,1452.74
3/14/2022,1446.25
3/11/2022,1466.54
3/10/2022,1479.08
3/9/2022,1473.74
3/8/2022,1473.71
3/7/2022,1499.05
3/4/2022,1505.33
3/3/2022,1505.00
3/2/2022,1485.52
3/1/2022,1498.78
2/28/2022,1490.13
2/25/2022,1498.89
2/24/2022,1494.85
2/23/2022,1512.30
2/22/2022,1503.47
2/21/2022,1510.84
2/18/2022,1504.84
2/17/2022,1507.99
2/16/2022,1492.10
2/15/2022,1492.75
2/14/2022,1471.96
2/11/2022,1501.71
2/10/2022,1506.79
2/9/2022,1505.38
2/8/2022,1500.99
2/7/2022,1497.66
1/28/2022,1478.96
1/27/2022,1470.76
1/26/2022,1481.58
1/25/2022,1479.58
1/24/2022,1439.71
1/21/2022,1472.89
1/20/2022,1465.30
1/19/2022,1442.79
1/18/2022,1438.94
1/17/2022,1452.84
1/14/2022,1496.02
1/13/2022,1496.05
1/12/2022,1510.51
1/11/2022,1492.31
1/10/2022,1503.71
1/7/2022,1528.48
1/6/2022,1528.57
1/5/2022,1522.50
1/4/2022,1525.58
12/31/2021,1498.28
12/30/2021,1485.97
12/29/2021,1485.82
12/28/2021,1494.39
12/27/2021,1488.88
12/24/2021,1477.03
12/23/2021,1456.96
12/22/2021,1477.67
12/21/2021,1478.74
12/20/2021,1477.33
12/17/2021,1479.79
12/16/2021,1476.61
12/15/2021,1475.50
12/14/2021,1476.02
12/13/2021,1476.21
12/10/2021,1463.54
12/9/2021,1467.98
12/8/2021,1452.87
12/7/2021,1446.77
12/6/2021,1413.58
12/3/2021,1443.32
12/2/2021,1482.05
12/1/2021,1485.19
11/30/2021,1478.44
11/29/2021,1484.84
11/26/2021,1493.03
11/25/2021,1500.81
11/24/2021,1488.87
11/23/2021,1463.63
11/22/2021,1447.25
11/19/2021,1452.35
11/18/2021,1469.83
11/17/2021,1475.85
11/16/2021,1466.45
11/15/2021,1476.57
11/12/2021,1473.37
11/11/2021,1462.35
11/10/2021,1465.02
11/9/2021,1461.50
11/8/2021,1467.57
11/5/2021,1456.51
11/4/2021,1448.34
11/3/2021,1444.30
11/2/2021,1452.46
11/1/2021,1438.97
10/29/2021,1444.27
10/28/2021,1438.01
10/27/2021,1423.02
10/26/2021,1391.63
10/25/2021,1385.40
10/22/2021,1389.24
10/21/2021,1384.77
10/20/2021,1393.80
10/19/2021,1395.33
10/18/2021,1395.53
10/15/2021,1392.70
10/14/2021,1391.85
10/13/2021,1391.91
10/12/2021,1394.80
10/11/2021,1394.09
10/8/2021,1372.73
10/7/2021,1365.99
10/6/2021,1362.82
10/5/2021,1354.63
10/4/2021,1339.54
10/1/2021,1334.89
9/30/2021,1342.06
9/29/2021,1339.21
9/28/2021,1339.31
9/27/2021,1324.99
9/24/2021,1351.17
9/23/2021,1352.76
9/22/2021,1350.68
9/21/2021,1339.84
9/20/2021,1350.48
9/17/2021,1352.64
9/16/2021,1345.87
9/15/2021,1345.83
9/14/2021,1339.70
9/13/2021,1341.43
9/10/2021,1345.31
9/9/2021,1343.98
9/8/2021,1333.61
9/7/2021,1341.90
9/6/2021,1346.39
9/1/2021,1334.65
8/31/2021,1331.47
8/30/2021,1328.14
8/27/2021,1313.20
8/26/2021,1301.12
8/25/2021,1309.55
8/24/2021,1298.74
8/23/2021,1298.86
8/20/2021,1329.43
8/19/2021,1374.85
8/18/2021,1360.94
8/17/2021,1363.09
8/16/2021,1370.96
8/13/2021,1357.05
8/12/2021,1353.05
8/11/2021,1357.79
8/10/2021,1362.43
8/9/2021,1359.86
8/6/2021,1341.45
8/5/2021,1345.55
8/4/2021,1334.74
8/3/2021,1332.44
8/2/2021,1314.22
7/30/2021,1310.05
7/29/2021,1293.60
7/28/2021,1277.07
7/27/2021,1276.93
7/26/2021,1272.71
7/23/2021,1268.83
7/22/2021,1293.67
7/21/2021,1270.79
7/20/2021,1273.29
7/19/2021,1243.51
7/16/2021,1299.31
7/15/2021,1293.92
7/14/2021,1279.91
7/13/2021,1297.54
7/12/2021,1296.30
7/9/2021,1347.14
7/8/2021,1374.68
7/7/2021,1388.55
7/6/2021,1354.79
7/5/2021,1411.13
7/2/2021,1420.27
7/1/2021,1417.08
6/30/2021,1408.55
6/29/2021,1410.04
6/28/2021,1405.81
6/25/2021,1390.12
6/24/2021,1379.72
6/23/2021,1376.87
6/22/2021,1379.97
6/21/2021,1372.63
6/18/2021,1377.77
6/17/2021,1359.92
6/16/2021,1356.52
6/15/2021,1367.36
6/14/2021,1361.72
6/11/2021,1351.74
6/10/2021,1323.58
6/9/2021,1332.90
6/8/2021,1319.88
6/7/2021,1358.78
6/4/2021,1374.05
6/3/2021,1364.28
6/2/2021,1340.78
6/1/2021,1337.78
5/31/2021,1328.05
5/28/2021,1320.46
5/27/2021,1303.57
5/26/2021,1316.70
5/25/2021,1308.58
5/24/2021,1297.98
5/21/2021,1283.93
5/20/2021,1278.22
5/19/2021,1262.49
5/18/2021,1252.68
5/17/2021,1258.70
5/14/2021,1266.36
5/13/2021,1261.99
5/12/2021,1269.09
5/11/2021,1256.04
5/10/2021,1259.58
5/7/2021,1241.81
5/6/2021,1250.57
5/5/2021,1256.43
5/4/2021,1242.20
4/29/2021,1239.39
4/28/2021,1229.55
4/27/2021,1219.75
4/26/2021,1215.77
4/23/2021,1248.53
4/22/2021,1227.82
4/20/2021,1268.28
4/19/2021,1260.58
4/16/2021,1238.71
4/15/2021,1247.25
4/14/2021,1255.87
4/13/2021,1248.33
4/12/2021,1252.45
4/9/2021,1231.66
4/8/2021,1234.89
4/7/2021,1242.38
4/6/2021,1239.96
4/5/2021,1236.05
4/2/2021,1224.45
4/1/2021,1216.10
3/31/2021,1191.44
3/30/2021,1186.36
3/29/2021,1175.68
3/26/2021,1162.21
3/25/2021,1163.10
3/24/2021,1161.81
3/23/2021,1183.45
3/22/2021,1194.43
3/19/2021,1194.05
3/18/2021,1200.94
3/17/2021,1186.09
3/16/2021,1179.90
3/15/2021,1184.56
3/12/2021,1181.56
3/11/2021,1181.73
3/10/2021,1170.08
3/9/2021,1161.97
3/8/2021,1168.27
3/5/2021,1168.69
3/4/2021,1168.52
3/3/2021,1186.95
3/2/2021,1186.61
3/1/2021,1186.17
2/26/2021,1168.47
2/25/2021,1165.43
2/24/2021,1162.01
2/23/2021,1177.64
2/22/2021,1175.04
2/19/2021,1173.50
2/18/2021,1174.38
2/17/2021,1155.78
2/9/2021,1114.93
2/8/2021,1083.18
2/5/2021,1126.91
2/4/2021,1112.19
2/3/2021,1111.29
2/2/2021,1075.53
2/1/2021,1035.51
1/29/2021,1056.61
1/28/2021,1023.94
1/27/2021,1097.17
1/26/2021,1136.12
1/25/2021,1166.05
1/22/2021,1166.78
1/21/2021,1164.21
1/20/2021,1134.68
1/19/2021,1131.00
1/18/2021,1191.94
1/15/2021,1194.20
1/14/2021,1187.40
1/13/2021,1186.05
1/12/2021,1192.28
1/11/2021,1184.89
1/8/2021,1167.69
1/7/2021,1156.49
1/6/2021,1143.21
1/5/2021,1132.55
1/4/2021,1120.47
